{"cameraMode":{"drawMode":0,"name":"Shaded","section":"Shading Mode"},"sceneLighting":true,"audioPlay":false,"sceneViewState":{"showFog":true,"showMaterialUpdate":false,"showSkybox":true,"showFlares":true,"showImageEffects":true,"showParticleSystems":true},"in2DMode":false,"pivot":{"x":10.644933700561524,"y":38.51262283325195,"z":16.238611221313478},"rotation":{"x":0.494439959526062,"y":-0.0007851680275052786,"z":-0.00044555391650646925,"w":-0.8692125082015991},"size":58.52804183959961,"orthographic":false}